{
  "project_info": {
    "project_number": "116966358976",
    "firebase_url": "https://findmyphone-50374.firebaseio.com",
    "project_id": "findmyphone-50374",
    "storage_bucket": "findmyphone-50374.appspot.com"
  },
  "client": [
    {
      "client_info": {
        "mobilesdk_app_id": "1:116966358976:android:c7e388f83f7893d3",
        "android_client_info": {
          "package_name": "com.hussein.findmyphone"
        }
      },
      "oauth_client": [
        {
          "client_id": "116966358976-9hmm102hbvirq776tv9tkrl8e4nr7vmi.apps.googleusercontent.com",
          "client_type": 1,
          "android_info": {
            "package_name": "com.hussein.findmyphone",
            "certificate_hash": "76a07b52241638f10fb6d3cf8f6b855f929169dc"
          }
        },
        {
          "client_id": "116966358976-8dmblismo9itq681jullfs291g9neeha.apps.googleusercontent.com",
          "client_type": 3
        }
      ],
      "api_key": [
        {
          "current_key": "AIzaSyD_h7P9zImCXUi2An9N-CRFuXlA3ZwMqgo"
        }
      ],
      "services": {
        "analytics_service": {
          "status": 1
        },
        "appinvite_service": {
          "status": 2,
          "other_platform_oauth_client": [
            {
              "client_id": "116966358976-8dmblismo9itq681jullfs291g9neeha.apps.googleusercontent.com",
              "client_type": 3
            }
          ]
        },
        "ads_service": {
          "status": 2
        }
      }
    }
  ],
  "configuration_version": "1"
}